day,temp,dewp,wdsp,NUM_COLLISIONS,
10,4,76.5,56.3,3.4,0.439306358
44,3,76.3,61.2,4.3,0.38150289
96,6,68.6,66.2,2.2,0.526011561
172,5,44,30.5,9.3,0.630057803
339,4,61.8,51,8.7,0.712166172
428,1,70.7,68.3,10.1,0.317507418
860,7,52.5,46.7,11.7,0.727272727
1086,1,64.9,61.5,11.3,0.602015113
1414,2,59.4,54,8.1,0.490243902
1725,4,39.9,26.4,7.9,0.627962085
1930,6,57.1,49.2,14.5,0.549763033
